Image Name,Majority Vote Label,Number of Annotators who Selected 1 (Out of 7),Partition
MHIST_aaa.png,1,6,train
MHIST_aab.png,0,0,train
MHIST_aac.png,1,5,train
MHIST_aae.png,0,1,train
MHIST_aaf.png,1,5,train
MHIST_aai.png,0,3,train
MHIST_aaj.png,0,0,train
MHIST_aak.png,0,2,train
MHIST_aal.png,1,5,train
MHIST_aam.png,0,0,train
MHIST_aao.png,0,0,train
MHIST_aap.png,0,2,train
MHIST_aas.png,1,4,train
MHIST_aat.png,0,0,train
MHIST_aau.png,0,0,train
MHIST_aav.png,0,0,train
MHIST_aaw.png,0,0,train
MHIST_aax.png,0,0,train
MHIST_aba.png,0,0,train
MHIST_abc.png,0,0,train
MHIST_abd.png,0,0,train
MHIST_abf.png,0,2,train
MHIST_abg.png,0,0,train
MHIST_abh.png,1,4,train
MHIST_abj.png,0,1,train
MHIST_abk.png,0,2,train
MHIST_abl.png,0,1,train
MHIST_abm.png,0,0,train
MHIST_abn.png,0,2,train
MHIST_abp.png,0,0,train
MHIST_abq.png,0,0,train
MHIST_abr.png,1,5,train
MHIST_abu.png,0,1,train
MHIST_abv.png,0,0,train
MHIST_abw.png,0,0,train
MHIST_aby.png,0,3,train
MHIST_abz.png,0,0,train
MHIST_aca.png,1,6,train
MHIST_acd.png,0,0,train
MHIST_ace.png,1,4,train
MHIST_acf.png,1,4,train
MHIST_ach.png,0,0,train
MHIST_aci.png,0,2,train
MHIST_acj.png,0,0,train
MHIST_ack.png,0,0,train
MHIST_acl.png,0,0,train
MHIST_acm.png,1,5,train
MHIST_acn.png,0,2,train
MHIST_acr.png,0,3,train
MHIST_acs.png,0,0,train
MHIST_act.png,0,1,train
MHIST_acu.png,0,0,train
MHIST_acv.png,1,4,train
MHIST_acx.png,0,1,train
MHIST_acz.png,0,0,train
MHIST_ada.png,1,5,train
MHIST_adb.png,0,0,train
MHIST_ade.png,0,2,train
MHIST_adf.png,0,0,train
MHIST_adg.png,0,0,train
MHIST_adh.png,0,2,train
MHIST_adi.png,0,1,train
MHIST_adk.png,1,6,train
MHIST_adl.png,0,3,train
MHIST_adm.png,0,3,train
MHIST_adn.png,0,2,train
MHIST_adp.png,0,0,train
MHIST_adq.png,0,1,train
MHIST_adr.png,1,6,train
MHIST_ads.png,0,0,train
MHIST_adt.png,0,0,train
MHIST_adv.png,0,0,train
MHIST_adw.png,0,0,train
MHIST_adz.png,0,2,train
MHIST_aea.png,0,2,train
MHIST_aef.png,0,2,train
MHIST_aeg.png,0,2,train
MHIST_ael.png,0,1,train
MHIST_aem.png,0,1,train
MHIST_aen.png,1,4,train
MHIST_aeo.png,0,1,train
MHIST_aer.png,0,0,train
MHIST_aeu.png,0,1,train
MHIST_aev.png,0,0,train
MHIST_aew.png,0,1,train
MHIST_aex.png,0,1,train
MHIST_aey.png,0,2,train
MHIST_afa.png,0,2,train
MHIST_afb.png,0,3,train
MHIST_afd.png,0,1,train
MHIST_afe.png,0,1,train
MHIST_afh.png,0,0,train
MHIST_afi.png,1,4,train
MHIST_afj.png,0,1,train
MHIST_afl.png,0,0,train
MHIST_afp.png,0,1,train
MHIST_afq.png,1,6,train
MHIST_afr.png,0,1,train
MHIST_aft.png,1,6,train
MHIST_afu.png,0,1,train
MHIST_afv.png,0,3,train
MHIST_afw.png,0,1,train
MHIST_afx.png,0,1,train
MHIST_afy.png,0,1,train
MHIST_afz.png,0,0,train
MHIST_aga.png,0,1,train
MHIST_agc.png,0,2,train
MHIST_agg.png,0,2,train
MHIST_agl.png,0,2,train
MHIST_agm.png,0,2,train
MHIST_agn.png,0,1,train
MHIST_ago.png,0,2,train
MHIST_agp.png,0,3,train
MHIST_agq.png,0,1,train
MHIST_agr.png,0,1,train
MHIST_agt.png,0,1,train
MHIST_agv.png,0,1,train
MHIST_agw.png,0,1,train
MHIST_agx.png,0,1,train
MHIST_agz.png,0,1,train
MHIST_ahe.png,0,0,train
MHIST_ahf.png,0,0,train
MHIST_ahg.png,0,0,train
MHIST_ahh.png,1,5,train
MHIST_ahi.png,0,1,train
MHIST_ahj.png,0,2,train
MHIST_ahm.png,0,2,train
MHIST_ahn.png,0,1,train
MHIST_ahp.png,0,0,train
MHIST_ahs.png,0,0,train
MHIST_aht.png,0,0,train
MHIST_ahv.png,0,3,train
MHIST_ahx.png,0,1,train
MHIST_ahy.png,0,1,train
MHIST_aia.png,1,5,train
MHIST_aib.png,0,1,train
MHIST_aic.png,0,3,train
MHIST_aid.png,0,1,train
MHIST_aig.png,0,1,train
MHIST_aih.png,1,4,train
MHIST_aii.png,0,2,train
MHIST_aik.png,0,3,train
MHIST_aio.png,0,1,train
MHIST_air.png,0,0,train
MHIST_ait.png,0,2,train
MHIST_aiv.png,0,0,train
MHIST_aiw.png,0,3,train
MHIST_aix.png,0,1,train
MHIST_aiy.png,0,1,train
MHIST_aiz.png,0,1,train
MHIST_aja.png,0,3,train
MHIST_ajb.png,0,2,train
MHIST_aje.png,0,2,train
MHIST_ajg.png,0,2,train
MHIST_ajh.png,0,2,train
MHIST_ajj.png,0,0,train
MHIST_ajk.png,1,4,train
MHIST_ajl.png,0,0,train
MHIST_ajm.png,0,0,train
MHIST_ajq.png,0,3,train
MHIST_ajs.png,0,1,train
MHIST_ajt.png,0,1,train
MHIST_ajv.png,0,1,train
MHIST_ajw.png,1,4,train
MHIST_ajx.png,1,4,train
MHIST_aka.png,0,1,train
MHIST_akb.png,0,3,train
MHIST_akf.png,0,2,train
MHIST_akg.png,0,1,train
MHIST_akj.png,0,0,train
MHIST_ako.png,0,2,train
MHIST_aks.png,1,4,train
MHIST_akt.png,0,1,train
MHIST_aku.png,0,1,train
MHIST_akw.png,1,4,train
MHIST_akz.png,0,1,train
MHIST_alb.png,0,1,train
MHIST_ald.png,0,0,train
MHIST_alf.png,0,0,train
MHIST_alj.png,0,1,train
MHIST_alk.png,0,0,train
MHIST_all.png,0,3,train
MHIST_alm.png,0,0,train
MHIST_alp.png,0,0,train
MHIST_alq.png,0,3,train
MHIST_alu.png,0,3,train
MHIST_alx.png,0,0,train
MHIST_aly.png,0,2,train
MHIST_alz.png,0,0,train
MHIST_ama.png,0,0,train
MHIST_amb.png,0,2,train
MHIST_amc.png,0,3,train
MHIST_amd.png,0,1,train
MHIST_amf.png,0,3,train
MHIST_amh.png,0,0,train
MHIST_amk.png,0,0,train
MHIST_aml.png,0,0,train
MHIST_amn.png,0,0,train
MHIST_amp.png,0,2,train
MHIST_amr.png,0,2,train
MHIST_ams.png,0,1,train
MHIST_amt.png,0,3,train
MHIST_amu.png,0,2,train
MHIST_amx.png,0,1,train
MHIST_amy.png,0,2,train
MHIST_anb.png,0,0,train
MHIST_anf.png,0,0,train
MHIST_ang.png,0,1,train
MHIST_anh.png,1,4,train
MHIST_ani.png,0,1,train
MHIST_anj.png,0,0,train
MHIST_anl.png,0,0,train
MHIST_anq.png,0,0,train
MHIST_anu.png,0,1,train
MHIST_anv.png,0,0,train
MHIST_any.png,0,0,train
MHIST_aoa.png,0,0,train
MHIST_aob.png,0,1,train
MHIST_aoe.png,0,1,train
MHIST_aof.png,0,0,train
MHIST_aok.png,0,0,train
MHIST_aom.png,0,1,train
MHIST_aon.png,0,1,train
MHIST_aoq.png,0,0,train
MHIST_aos.png,0,0,train
MHIST_aot.png,0,2,train
MHIST_aou.png,0,0,train
MHIST_aov.png,0,1,train
MHIST_aox.png,0,2,train
MHIST_aoy.png,0,0,train
MHIST_aoz.png,0,1,train
MHIST_apb.png,0,1,train
MHIST_apd.png,0,0,train
MHIST_ape.png,0,1,train
MHIST_apf.png,0,0,train
MHIST_apg.png,0,3,train
MHIST_aph.png,0,3,train
MHIST_api.png,0,1,train
MHIST_apj.png,0,3,train
MHIST_apl.png,0,2,train
MHIST_apo.png,0,3,train
MHIST_app.png,0,0,train
MHIST_apq.png,0,2,train
MHIST_apr.png,0,1,train
MHIST_apx.png,0,1,train
MHIST_apy.png,0,3,train
MHIST_apz.png,1,5,train
MHIST_aqa.png,0,1,train
MHIST_aqc.png,0,1,train
MHIST_aqe.png,0,0,train
MHIST_aqg.png,0,2,train
MHIST_aql.png,0,3,train
MHIST_aqn.png,0,2,train
MHIST_aqo.png,0,2,train
MHIST_aqq.png,0,2,train
MHIST_aqt.png,0,0,train
MHIST_aqu.png,0,3,train
MHIST_aqw.png,0,3,train
MHIST_aqx.png,1,5,train
MHIST_aqz.png,0,3,train
MHIST_ara.png,0,3,train
MHIST_arb.png,0,2,train
MHIST_arc.png,0,1,train
MHIST_ard.png,1,5,train
MHIST_are.png,0,1,train
MHIST_arg.png,0,1,train
MHIST_arh.png,0,0,train
MHIST_ari.png,0,0,train
MHIST_arj.png,0,0,train
MHIST_ark.png,0,2,train
MHIST_arl.png,0,2,train
MHIST_arm.png,0,1,train
MHIST_aro.png,0,0,train
MHIST_arr.png,0,1,train
MHIST_ars.png,1,4,train
MHIST_art.png,0,2,train
MHIST_aru.png,0,1,train
MHIST_arv.png,0,3,train
MHIST_arx.png,0,0,train
MHIST_ary.png,0,0,train
MHIST_arz.png,0,2,train
MHIST_asf.png,0,2,train
MHIST_asj.png,0,1,train
MHIST_ask.png,0,0,train
MHIST_asl.png,0,3,train
MHIST_asm.png,0,1,train
MHIST_asn.png,0,0,train
MHIST_asp.png,0,1,train
MHIST_asq.png,0,2,train
MHIST_asr.png,0,1,train
MHIST_ass.png,0,1,train
MHIST_ast.png,0,2,train
MHIST_asv.png,0,2,train
MHIST_asy.png,0,0,train
MHIST_atc.png,0,1,train
MHIST_atf.png,0,3,train
MHIST_atg.png,0,1,train
MHIST_ati.png,0,1,train
MHIST_atl.png,0,1,train
MHIST_atm.png,0,3,train
MHIST_atp.png,0,1,train
MHIST_atr.png,0,0,train
MHIST_ats.png,0,0,train
MHIST_att.png,0,0,train
MHIST_atv.png,0,1,train
MHIST_atw.png,0,2,train
MHIST_atx.png,0,3,train
MHIST_atz.png,0,2,train
MHIST_aud.png,0,0,train
MHIST_aue.png,0,0,train
MHIST_auf.png,0,1,train
MHIST_aui.png,1,5,train
MHIST_auj.png,0,0,train
MHIST_aul.png,0,0,train
MHIST_aum.png,0,2,train
MHIST_aun.png,0,1,train
MHIST_auo.png,0,0,train
MHIST_aup.png,0,0,train
MHIST_aur.png,0,0,train
MHIST_auv.png,1,4,train
MHIST_auz.png,0,0,train
MHIST_ava.png,0,0,train
MHIST_avb.png,0,0,train
MHIST_avc.png,0,0,train
MHIST_avh.png,1,4,train
MHIST_avi.png,1,5,train
MHIST_avj.png,0,0,train
MHIST_avk.png,0,1,train
MHIST_avl.png,0,0,train
MHIST_avm.png,0,0,train
MHIST_avn.png,0,0,train
MHIST_avo.png,0,1,train
MHIST_avq.png,1,4,train
MHIST_avs.png,0,2,train
MHIST_avt.png,0,1,train
MHIST_avu.png,0,0,train
MHIST_avy.png,0,3,train
MHIST_awa.png,0,1,train
MHIST_awb.png,0,2,train
MHIST_awc.png,0,0,train
MHIST_awd.png,0,2,train
MHIST_awe.png,0,0,train
MHIST_awf.png,0,2,train
MHIST_awi.png,0,2,train
MHIST_awl.png,0,2,train
MHIST_awp.png,0,3,train
MHIST_awq.png,0,3,train
MHIST_aws.png,0,0,train
MHIST_awt.png,0,0,train
MHIST_awv.png,0,0,train
MHIST_awx.png,0,0,train
MHIST_awy.png,0,2,train
MHIST_axe.png,0,3,train
MHIST_axf.png,0,0,train
MHIST_axi.png,0,0,train
MHIST_axk.png,0,0,train
MHIST_axl.png,0,2,train
MHIST_axn.png,0,2,train
MHIST_axo.png,0,0,train
MHIST_axq.png,0,3,train
MHIST_axr.png,0,1,train
MHIST_axs.png,0,2,train
MHIST_axt.png,0,2,train
MHIST_axu.png,0,0,train
MHIST_axw.png,0,1,train
MHIST_axx.png,0,1,train
MHIST_axy.png,0,2,train
MHIST_axz.png,0,1,train
MHIST_ayb.png,0,2,train
MHIST_ayd.png,0,0,train
MHIST_ayg.png,0,1,train
MHIST_ayi.png,0,2,train
MHIST_ayj.png,0,3,train
MHIST_ayk.png,0,0,train
MHIST_ayl.png,0,0,train
MHIST_aym.png,0,0,train
MHIST_ayp.png,0,0,train
MHIST_ayr.png,0,1,train
MHIST_ayt.png,0,0,train
MHIST_ayu.png,0,1,train
MHIST_ayx.png,0,2,train
MHIST_aza.png,0,0,train
MHIST_azb.png,0,3,train
MHIST_azc.png,0,0,train
MHIST_azd.png,0,0,train
MHIST_azg.png,0,0,train
MHIST_azh.png,0,0,train
MHIST_azi.png,0,0,train
MHIST_azk.png,0,3,train
MHIST_azr.png,0,1,train
MHIST_azs.png,0,0,train
MHIST_azt.png,0,0,train
MHIST_azv.png,0,0,train
MHIST_azw.png,0,0,train
MHIST_azy.png,0,1,train
MHIST_baa.png,0,1,train
MHIST_bab.png,0,1,train
MHIST_bac.png,0,1,train
MHIST_bad.png,0,2,train
MHIST_bah.png,0,0,train
MHIST_bai.png,0,0,train
MHIST_baj.png,0,0,train
MHIST_bak.png,0,0,train
MHIST_baq.png,0,2,train
MHIST_bar.png,0,1,train
MHIST_bat.png,0,3,train
MHIST_bau.png,0,2,train
MHIST_bay.png,0,0,train
MHIST_bba.png,0,0,train
MHIST_bbb.png,0,0,train
MHIST_bbc.png,0,1,train
MHIST_bbd.png,1,4,train
MHIST_bbj.png,0,3,train
MHIST_bbk.png,0,2,train
MHIST_bbo.png,0,1,train
MHIST_bbp.png,0,1,train
MHIST_bbq.png,0,0,train
MHIST_bbu.png,0,1,train
MHIST_bbv.png,0,1,train
MHIST_bby.png,0,1,train
MHIST_bbz.png,0,3,train
MHIST_bca.png,0,2,train
MHIST_bcb.png,1,4,train
MHIST_bcf.png,0,1,train
MHIST_bcg.png,0,1,train
MHIST_bch.png,0,3,train
MHIST_bci.png,0,2,train
MHIST_bcj.png,0,1,train
MHIST_bck.png,0,1,train
MHIST_bcm.png,0,3,train
MHIST_bcp.png,0,3,train
MHIST_bcq.png,0,3,train
MHIST_bcs.png,0,1,train
MHIST_bct.png,0,0,train
MHIST_bcu.png,0,1,train
MHIST_bcw.png,0,0,train
MHIST_bcx.png,0,2,train
MHIST_bde.png,0,0,train
MHIST_bdf.png,0,0,train
MHIST_bdg.png,0,0,train
MHIST_bdi.png,0,1,train
MHIST_bdj.png,0,1,train
MHIST_bdk.png,0,0,train
MHIST_bdm.png,0,0,train
MHIST_bdn.png,0,1,train
MHIST_bdq.png,0,1,train
MHIST_bdr.png,0,0,train
MHIST_bds.png,0,0,train
MHIST_bdu.png,0,1,train
MHIST_bdw.png,0,0,train
MHIST_bdx.png,1,5,train
MHIST_bdy.png,0,3,train
MHIST_bdz.png,0,1,train
MHIST_bed.png,0,0,train
MHIST_bef.png,0,1,train
MHIST_beg.png,0,2,train
MHIST_bei.png,1,4,train
MHIST_bek.png,0,0,train
MHIST_bep.png,0,3,train
MHIST_beq.png,0,0,train
MHIST_bes.png,0,2,train
MHIST_bet.png,0,3,train
MHIST_bey.png,0,1,train
MHIST_bfa.png,0,2,train
MHIST_bfe.png,0,0,train
MHIST_bfh.png,0,2,train
MHIST_bfk.png,0,1,train
MHIST_bfl.png,0,1,train
MHIST_bfm.png,0,1,train
MHIST_bfp.png,0,2,train
MHIST_bfr.png,0,0,train
MHIST_bfs.png,0,0,train
MHIST_bft.png,1,5,train
MHIST_bgd.png,0,1,train
MHIST_bgg.png,0,0,train
MHIST_bgm.png,0,0,train
MHIST_bgn.png,0,2,train
MHIST_bgo.png,0,0,train
MHIST_bgq.png,0,0,train
MHIST_bgr.png,0,1,train
MHIST_bgt.png,0,0,train
MHIST_bgu.png,0,1,train
MHIST_bgw.png,0,2,train
MHIST_bgx.png,0,0,train
MHIST_bha.png,0,0,train
MHIST_bhb.png,0,1,train
MHIST_bhc.png,0,0,train
MHIST_bhd.png,0,0,train
MHIST_bhe.png,0,0,train
MHIST_bhf.png,0,2,train
MHIST_bhg.png,0,3,train
MHIST_bhh.png,0,2,train
MHIST_bhi.png,0,2,train
MHIST_bhj.png,0,3,train
MHIST_bhm.png,0,0,train
MHIST_bhp.png,0,0,train
MHIST_bhr.png,0,0,train
MHIST_bht.png,0,0,train
MHIST_bhz.png,0,0,train
MHIST_bia.png,0,0,train
MHIST_bic.png,0,1,train
MHIST_bid.png,0,1,train
MHIST_big.png,1,5,train
MHIST_bik.png,0,0,train
MHIST_biq.png,0,1,train
MHIST_bir.png,0,3,train
MHIST_bis.png,0,1,train
MHIST_bit.png,1,4,train
MHIST_biv.png,0,2,train
MHIST_bjb.png,0,1,train
MHIST_bjc.png,0,3,train
MHIST_bjf.png,0,0,train
MHIST_bjg.png,0,1,train
MHIST_bji.png,1,4,train
MHIST_bjj.png,0,0,train
MHIST_bjk.png,0,0,train
MHIST_bjl.png,0,0,train
MHIST_bjn.png,0,0,train
MHIST_bjo.png,0,3,train
MHIST_bjq.png,0,3,train
MHIST_bju.png,0,2,train
MHIST_bjv.png,0,1,train
MHIST_bjw.png,0,2,train
MHIST_bjy.png,0,1,train
MHIST_bjz.png,0,0,train
MHIST_bkc.png,1,4,train
MHIST_bkf.png,0,3,train
MHIST_bkg.png,1,4,train
MHIST_bki.png,0,2,train
MHIST_bkm.png,0,1,train
MHIST_bkn.png,0,1,train
MHIST_bkq.png,0,3,train
MHIST_bkr.png,0,2,train
MHIST_bkw.png,0,0,train
MHIST_bkx.png,0,0,train
MHIST_bkz.png,0,1,train
MHIST_bla.png,0,1,train
MHIST_blb.png,0,1,train
MHIST_blh.png,1,4,train
MHIST_bli.png,0,0,train
MHIST_blk.png,0,0,train
MHIST_bll.png,0,0,train
MHIST_blp.png,0,3,train
MHIST_blq.png,0,2,train
MHIST_bls.png,0,3,train
MHIST_blx.png,0,0,train
MHIST_bmb.png,1,4,train
MHIST_bme.png,0,1,train
MHIST_bmf.png,0,1,train
MHIST_bmi.png,0,0,train
MHIST_bmj.png,0,2,train
MHIST_bmk.png,0,1,train
MHIST_bml.png,0,0,train
MHIST_bmm.png,0,1,train
MHIST_bmo.png,0,0,train
MHIST_bmq.png,1,4,train
MHIST_bmr.png,0,2,train
MHIST_bmu.png,0,3,train
MHIST_bmx.png,0,0,train
MHIST_bmz.png,0,1,train
MHIST_bna.png,0,1,train
MHIST_bng.png,0,2,train
MHIST_bnh.png,0,1,train
MHIST_bni.png,1,4,train
MHIST_bnk.png,1,6,train
MHIST_bno.png,0,1,train
MHIST_bns.png,0,0,train
MHIST_bnt.png,0,3,train
MHIST_bnu.png,0,1,train
MHIST_bnx.png,1,4,train
MHIST_bny.png,1,4,train
MHIST_bnz.png,0,1,train
MHIST_bob.png,0,2,train
MHIST_boc.png,0,2,train
MHIST_bog.png,0,1,train
MHIST_boh.png,0,1,train
MHIST_boi.png,1,5,train
MHIST_boj.png,0,3,train
MHIST_bok.png,1,4,train
MHIST_bol.png,0,3,train
MHIST_bom.png,0,2,train
MHIST_boq.png,0,1,train
MHIST_bou.png,0,0,train
MHIST_box.png,0,2,train
MHIST_bpc.png,0,2,train
MHIST_bpe.png,0,1,train
MHIST_bpf.png,1,5,train
MHIST_bpi.png,0,0,train
MHIST_bpm.png,0,1,train
MHIST_bpq.png,0,0,train
MHIST_bpr.png,0,3,train
MHIST_bpt.png,0,2,train
MHIST_bpv.png,0,1,train
MHIST_bpw.png,0,2,train
MHIST_bpy.png,0,3,train
MHIST_bqa.png,0,0,train
MHIST_bqd.png,0,0,train
MHIST_bqf.png,0,0,train
MHIST_bqj.png,0,0,train
MHIST_bqm.png,0,2,train
MHIST_bqo.png,0,0,train
MHIST_bqp.png,0,0,train
MHIST_bqq.png,0,3,train
MHIST_bqt.png,0,2,train
MHIST_bqu.png,0,2,train
MHIST_bqw.png,0,0,train
MHIST_bqx.png,0,0,train
MHIST_bqy.png,0,1,train
MHIST_bqz.png,1,4,train
MHIST_bra.png,0,1,train
MHIST_brb.png,1,4,train
MHIST_brc.png,0,2,train
MHIST_brd.png,0,1,train
MHIST_brf.png,0,0,train
MHIST_brg.png,0,0,train
MHIST_brh.png,0,0,train
MHIST_bri.png,0,0,train
MHIST_brj.png,0,0,train
MHIST_brk.png,0,0,train
MHIST_brm.png,0,1,train
MHIST_brn.png,0,1,train
MHIST_brq.png,0,1,train
MHIST_bry.png,0,0,train
MHIST_brz.png,0,0,train
MHIST_bsb.png,0,1,train
MHIST_bsg.png,0,1,train
MHIST_bsi.png,0,2,train
MHIST_bsl.png,0,0,train
MHIST_bsm.png,1,4,train
MHIST_bsn.png,0,0,train
MHIST_bso.png,0,3,train
MHIST_bsp.png,0,0,train
MHIST_bst.png,0,2,train
MHIST_bsv.png,0,1,train
MHIST_bsw.png,1,5,train
MHIST_btc.png,0,2,train
MHIST_btd.png,0,1,train
MHIST_bte.png,0,2,train
MHIST_btg.png,0,3,train
MHIST_bti.png,0,0,train
MHIST_btj.png,0,3,train
MHIST_btn.png,0,0,train
MHIST_bto.png,0,3,train
MHIST_btp.png,1,4,train
MHIST_btq.png,0,1,train
MHIST_bts.png,0,1,train
MHIST_btv.png,0,2,train
MHIST_btw.png,0,2,train
MHIST_btx.png,0,2,train
MHIST_bua.png,0,3,train
MHIST_buc.png,0,2,train
MHIST_buf.png,1,4,train
MHIST_bui.png,0,0,train
MHIST_buk.png,1,4,train
MHIST_bul.png,0,0,train
MHIST_bun.png,0,1,train
MHIST_bup.png,1,5,train
MHIST_buq.png,0,2,train
MHIST_bus.png,0,1,train
MHIST_but.png,0,2,train
MHIST_buu.png,0,1,train
MHIST_buw.png,0,1,train
MHIST_buy.png,0,1,train
MHIST_buz.png,0,0,train
MHIST_bvd.png,0,1,train
MHIST_bve.png,0,0,train
MHIST_bvf.png,0,0,train
MHIST_bvg.png,1,4,train
MHIST_bvh.png,1,4,train
MHIST_bvi.png,0,1,train
MHIST_bvm.png,0,1,train
MHIST_bvo.png,0,1,train
MHIST_bvr.png,0,3,train
MHIST_bvs.png,0,2,train
MHIST_bvt.png,0,1,train
MHIST_bvw.png,0,2,train
MHIST_bwb.png,0,2,train
MHIST_bwd.png,0,2,train
MHIST_bwe.png,0,2,train
MHIST_bwf.png,0,0,train
MHIST_bwi.png,1,5,train
MHIST_bwj.png,0,3,train
MHIST_bwk.png,0,1,train
MHIST_bwm.png,0,1,train
MHIST_bwn.png,0,1,train
MHIST_bwp.png,0,2,train
MHIST_bwq.png,0,1,train
MHIST_bwr.png,0,0,train
MHIST_bwv.png,0,0,train
MHIST_bwx.png,1,5,train
MHIST_bwy.png,0,1,train
MHIST_bxa.png,0,1,train
MHIST_bxd.png,0,1,train
MHIST_bxh.png,0,2,train
MHIST_bxj.png,0,0,train
MHIST_bxl.png,0,3,train
MHIST_bxm.png,0,0,train
MHIST_bxn.png,0,0,train
MHIST_bxp.png,0,2,train
MHIST_bxs.png,1,5,train
MHIST_bxt.png,0,3,train
MHIST_bxw.png,0,2,train
MHIST_byc.png,0,1,train
MHIST_byd.png,0,1,train
MHIST_bye.png,0,1,train
MHIST_byj.png,0,3,train
MHIST_byn.png,0,3,train
MHIST_byo.png,0,1,train
MHIST_byp.png,0,1,train
MHIST_bys.png,0,1,train
MHIST_byt.png,0,2,train
MHIST_byv.png,0,1,train
MHIST_byx.png,0,1,train
MHIST_bzb.png,0,3,train
MHIST_bzd.png,0,0,train
MHIST_bzf.png,1,4,train
MHIST_bzg.png,0,0,train
MHIST_bzj.png,0,1,train
MHIST_bzo.png,0,2,train
MHIST_bzp.png,0,0,train
MHIST_bzq.png,0,0,train
MHIST_bzt.png,0,0,train
MHIST_bzv.png,0,3,train
MHIST_bzx.png,0,3,train
MHIST_bzy.png,0,1,train
MHIST_bzz.png,0,2,train
MHIST_cae.png,0,2,train
MHIST_cah.png,0,0,train
MHIST_caj.png,1,6,train
MHIST_cak.png,0,1,train
MHIST_cal.png,0,3,train
MHIST_can.png,0,0,train
MHIST_caq.png,0,1,train
MHIST_cas.png,0,1,train
MHIST_cav.png,0,0,train
MHIST_caw.png,0,1,train
MHIST_cay.png,1,4,train
MHIST_caz.png,0,0,train
MHIST_cba.png,0,0,train
MHIST_cbd.png,0,0,train
MHIST_cbe.png,1,5,train
MHIST_cbf.png,0,0,train
MHIST_cbh.png,1,4,train
MHIST_cbi.png,0,1,train
MHIST_cbk.png,0,1,train
MHIST_cbm.png,0,0,train
MHIST_cbn.png,0,0,train
MHIST_cbp.png,0,1,train
MHIST_cbr.png,0,0,train
MHIST_cbs.png,0,0,train
MHIST_cbt.png,0,1,train
MHIST_cbv.png,1,5,train
MHIST_cbw.png,0,2,train
MHIST_cby.png,0,0,train
MHIST_cbz.png,0,0,train
MHIST_cca.png,0,1,train
MHIST_ccb.png,0,2,train
MHIST_ccc.png,1,6,train
MHIST_ccg.png,0,1,train
MHIST_cch.png,0,3,train
MHIST_cci.png,0,0,train
MHIST_ccj.png,0,1,train
MHIST_cck.png,0,0,train
MHIST_ccl.png,0,1,train
MHIST_ccp.png,0,0,train
MHIST_ccq.png,0,0,train
MHIST_ccs.png,1,4,train
MHIST_ccv.png,0,1,train
MHIST_ccw.png,0,0,train
MHIST_ccx.png,0,0,train
MHIST_ccy.png,0,0,train
MHIST_ccz.png,0,2,train
MHIST_cda.png,0,0,train
MHIST_cdb.png,0,0,train
MHIST_cdc.png,0,1,train
MHIST_cdg.png,0,1,train
MHIST_cdh.png,0,2,train
MHIST_cdi.png,0,3,train
MHIST_cdj.png,0,3,train
MHIST_cdl.png,0,1,train
MHIST_cdm.png,0,1,train
MHIST_cdq.png,0,0,train
MHIST_cds.png,1,4,train
MHIST_cdt.png,0,0,train
MHIST_cdv.png,0,3,train
MHIST_cdx.png,0,2,train
MHIST_cdz.png,1,6,train
MHIST_cea.png,0,2,train
MHIST_cec.png,0,1,train
MHIST_ced.png,1,5,train
MHIST_cee.png,0,0,train
MHIST_cef.png,0,1,train
MHIST_ceg.png,0,3,train
MHIST_ceh.png,0,3,train
MHIST_cej.png,0,3,train
MHIST_cen.png,0,3,train
MHIST_cep.png,0,3,train
MHIST_ceq.png,1,4,train
MHIST_cer.png,0,2,train
MHIST_cet.png,0,3,train
MHIST_cex.png,0,1,train
MHIST_cey.png,0,1,train
MHIST_cfa.png,0,1,train
MHIST_cfe.png,0,1,train
MHIST_cff.png,0,2,train
MHIST_cfh.png,0,0,train
MHIST_cfj.png,0,1,train
MHIST_cfk.png,1,6,train
MHIST_cfl.png,0,0,train
MHIST_cfm.png,0,0,train
MHIST_cfo.png,1,5,train
MHIST_cfp.png,0,2,train
MHIST_cfr.png,0,2,train
MHIST_cfs.png,0,3,train
MHIST_cft.png,1,4,train
MHIST_cfv.png,0,2,train
MHIST_cfw.png,0,2,train
MHIST_cfz.png,1,4,train
MHIST_cga.png,0,1,train
MHIST_cgc.png,0,3,train
MHIST_cge.png,0,3,train
MHIST_cgg.png,0,1,train
MHIST_cgh.png,0,1,train
MHIST_cgj.png,0,0,train
MHIST_cgl.png,0,0,train
MHIST_cgm.png,0,1,train
MHIST_cgn.png,0,0,train
MHIST_cgq.png,0,1,train
MHIST_cgr.png,0,2,train
MHIST_cgv.png,0,3,train
MHIST_cgy.png,0,1,train
MHIST_cgz.png,1,4,train
MHIST_chb.png,0,0,train
MHIST_chc.png,0,2,train
MHIST_chf.png,1,4,train
MHIST_chh.png,0,3,train
MHIST_chi.png,0,2,train
MHIST_chj.png,0,1,train
MHIST_chk.png,0,3,train
MHIST_chm.png,0,3,train
MHIST_chn.png,1,4,train
MHIST_cho.png,0,2,train
MHIST_chq.png,0,2,train
MHIST_chu.png,0,2,train
MHIST_chw.png,0,0,train
MHIST_chx.png,0,1,train
MHIST_chy.png,0,1,train
MHIST_cib.png,0,0,train
MHIST_cif.png,0,2,train
MHIST_cig.png,0,0,train
MHIST_cih.png,0,1,train
MHIST_cii.png,0,1,train
MHIST_cij.png,0,2,train
MHIST_cik.png,0,3,train
MHIST_cil.png,0,2,train
MHIST_cin.png,0,1,train
MHIST_cip.png,0,0,train
MHIST_ciq.png,0,1,train
MHIST_cir.png,0,1,train
MHIST_cis.png,0,0,train
MHIST_cit.png,0,2,train
MHIST_civ.png,0,0,train
MHIST_cix.png,1,4,train
MHIST_ciy.png,0,1,train
MHIST_ciz.png,0,3,train
MHIST_cjb.png,0,1,train
MHIST_cjd.png,0,1,train
MHIST_cjg.png,0,1,train
MHIST_cjh.png,0,0,train
MHIST_cjj.png,0,1,train
MHIST_cjm.png,0,0,train
MHIST_cjp.png,0,1,train
MHIST_cju.png,0,1,train
MHIST_cjw.png,0,2,train
MHIST_cjx.png,1,4,train
MHIST_cjy.png,0,0,train
MHIST_cjz.png,0,0,train
MHIST_cka.png,0,2,train
MHIST_ckb.png,0,1,train
MHIST_ckd.png,0,1,train
MHIST_cke.png,0,1,train
MHIST_ckg.png,1,4,train
MHIST_ckj.png,0,0,train
MHIST_ckk.png,0,1,train
MHIST_ckm.png,0,0,train
MHIST_cko.png,0,0,train
MHIST_ckp.png,0,1,train
MHIST_ckq.png,1,4,train
MHIST_ckr.png,0,1,train
MHIST_ckt.png,0,3,train
MHIST_ckv.png,0,2,train
MHIST_cky.png,0,2,train
MHIST_ckz.png,0,0,train
MHIST_clb.png,0,1,train
MHIST_clc.png,1,4,train
MHIST_cle.png,0,0,train
MHIST_cli.png,0,3,train
MHIST_clj.png,0,3,train
MHIST_clk.png,0,0,train
MHIST_clm.png,0,1,train
MHIST_clp.png,0,2,train
MHIST_clq.png,0,0,train
MHIST_clr.png,0,1,train
MHIST_cls.png,0,0,train
MHIST_clu.png,0,1,train
MHIST_clv.png,0,0,train
MHIST_cly.png,0,2,train
MHIST_cmb.png,0,0,train
MHIST_cme.png,0,0,train
MHIST_cmk.png,0,0,train
MHIST_cmm.png,0,2,train
MHIST_cmp.png,1,4,train
MHIST_cmq.png,0,2,train
MHIST_cmr.png,0,3,train
MHIST_cmu.png,0,0,train
MHIST_cmv.png,0,1,train
MHIST_cmx.png,0,0,train
MHIST_cna.png,0,1,train
MHIST_cnd.png,0,1,train
MHIST_cnf.png,0,3,train
MHIST_cnj.png,0,1,train
MHIST_cnl.png,0,1,train
MHIST_cno.png,0,1,train
MHIST_cnq.png,0,1,train
MHIST_cnu.png,1,6,train
MHIST_coa.png,0,2,train
MHIST_cob.png,0,2,train
MHIST_coe.png,0,2,train
MHIST_cof.png,0,0,train
MHIST_cog.png,0,1,train
MHIST_coi.png,0,1,train
MHIST_col.png,0,0,train
MHIST_com.png,0,0,train
MHIST_coo.png,0,1,train
MHIST_cop.png,0,0,train
MHIST_cos.png,0,2,train
MHIST_cou.png,0,0,train
MHIST_cow.png,0,0,train
MHIST_coz.png,0,0,train
MHIST_cpa.png,0,2,train
MHIST_cpb.png,0,2,train
MHIST_cpf.png,0,3,train
MHIST_cpg.png,1,5,train
MHIST_cpj.png,0,1,train
MHIST_cpl.png,0,3,train
MHIST_cpp.png,0,1,train
MHIST_cpv.png,0,2,train
MHIST_cpx.png,1,5,train
MHIST_cqd.png,0,1,train
MHIST_cqe.png,0,0,train
MHIST_cqf.png,1,4,train
MHIST_cqh.png,0,1,train
MHIST_cqk.png,0,2,train
MHIST_cqm.png,0,1,train
MHIST_cqo.png,0,1,train
MHIST_cqx.png,1,6,train
MHIST_crb.png,0,2,train
MHIST_crc.png,1,5,train
MHIST_cri.png,0,1,train
MHIST_crj.png,0,1,train
MHIST_crn.png,0,2,train
MHIST_cro.png,0,0,train
MHIST_crq.png,0,2,train
MHIST_crr.png,0,2,train
MHIST_crv.png,0,2,train
MHIST_cry.png,0,3,train
MHIST_crz.png,0,1,train
MHIST_csf.png,0,1,train
MHIST_csg.png,0,3,train
MHIST_csl.png,0,1,train
MHIST_csm.png,0,1,train
MHIST_csp.png,0,1,train
MHIST_csr.png,1,4,train
MHIST_css.png,1,4,train
MHIST_csu.png,0,1,train
MHIST_csv.png,0,1,train
MHIST_csx.png,0,1,train
MHIST_csy.png,1,4,train
MHIST_csz.png,0,1,train
MHIST_cta.png,0,0,train
MHIST_ctd.png,0,1,train
MHIST_cth.png,0,0,train
MHIST_ctj.png,0,0,train
MHIST_ctl.png,0,3,train
MHIST_ctm.png,0,1,train
MHIST_ctn.png,0,0,train
MHIST_ctp.png,0,2,train
MHIST_ctu.png,0,0,train
MHIST_ctv.png,0,0,train
MHIST_ctz.png,0,0,train
MHIST_cuc.png,0,0,train
MHIST_cud.png,0,1,train
MHIST_cue.png,0,0,train
MHIST_cuf.png,0,0,train
MHIST_cug.png,0,0,train
MHIST_cuh.png,0,0,train
MHIST_cuj.png,0,1,train
MHIST_cuk.png,0,0,train
MHIST_cul.png,0,1,train
MHIST_cum.png,0,0,train
MHIST_cun.png,0,1,train
MHIST_cuo.png,0,1,train
MHIST_cur.png,0,3,train
MHIST_cut.png,0,0,train
MHIST_cuv.png,1,5,train
MHIST_cuw.png,1,4,train
MHIST_cux.png,0,0,train
MHIST_cuz.png,0,2,train
MHIST_cva.png,0,1,train
MHIST_cvc.png,0,0,train
MHIST_cvf.png,0,0,train
MHIST_cvg.png,0,0,train
MHIST_cvi.png,0,1,train
MHIST_cvj.png,0,1,train
MHIST_cvk.png,0,3,train
MHIST_cvl.png,0,2,train
MHIST_cvm.png,0,2,train
MHIST_cvr.png,0,1,train
MHIST_cvs.png,0,0,train
MHIST_cvv.png,0,2,train
MHIST_cvx.png,1,5,train
MHIST_cvy.png,0,0,train
MHIST_cwa.png,0,3,train
MHIST_cwc.png,0,0,train
MHIST_cwd.png,0,3,train
MHIST_cwe.png,0,2,train
MHIST_cwg.png,0,0,train
MHIST_cwh.png,1,4,train
MHIST_cwi.png,0,1,train
MHIST_cwj.png,0,1,train
MHIST_cwl.png,0,1,train
MHIST_cwm.png,0,3,train
MHIST_cwo.png,0,2,train
MHIST_cwp.png,0,0,train
MHIST_cws.png,1,6,train
MHIST_cwu.png,0,0,train
MHIST_cwv.png,0,2,train
MHIST_cwx.png,0,2,train
MHIST_cwy.png,0,0,train
MHIST_cxb.png,0,1,train
MHIST_cxc.png,0,2,train
MHIST_cxg.png,0,1,train
MHIST_cxh.png,0,0,train
MHIST_cxi.png,0,0,train
MHIST_cxk.png,0,0,train
MHIST_cxl.png,0,2,train
MHIST_cxm.png,0,0,train
MHIST_cxn.png,0,0,train
MHIST_cxo.png,0,0,train
MHIST_cxs.png,0,0,train
MHIST_cxt.png,0,2,train
MHIST_cxv.png,0,0,train
MHIST_cxy.png,1,4,train
MHIST_cxz.png,0,0,train
MHIST_cya.png,0,0,train
MHIST_cyc.png,0,1,train
MHIST_cyd.png,0,0,train
MHIST_cyg.png,0,0,train
MHIST_cyh.png,0,0,train
MHIST_cyi.png,0,1,train
MHIST_cym.png,0,2,train
MHIST_cyo.png,0,3,train
MHIST_cyp.png,0,0,train
MHIST_cyq.png,0,1,train
MHIST_cyr.png,0,2,train
MHIST_cys.png,0,0,train
MHIST_cyt.png,1,4,train
MHIST_cyw.png,1,4,train
MHIST_cyy.png,0,2,train
MHIST_cyz.png,0,3,train
MHIST_czd.png,0,0,train
MHIST_czf.png,0,2,train
MHIST_czh.png,0,0,train
MHIST_czi.png,0,2,train
MHIST_czj.png,0,3,train
MHIST_czk.png,0,2,train
MHIST_czl.png,0,1,train
MHIST_czm.png,0,2,train
MHIST_czo.png,0,2,train
MHIST_czp.png,0,0,train
MHIST_czq.png,0,0,train
MHIST_czt.png,0,0,train
MHIST_czv.png,0,1,train
MHIST_czw.png,0,3,train
MHIST_czx.png,0,2,train
MHIST_czy.png,0,1,train
MHIST_czz.png,0,1,train
MHIST_daa.png,0,3,train
MHIST_dag.png,0,2,train
MHIST_dai.png,0,1,train
MHIST_daj.png,0,1,train
MHIST_dap.png,0,1,train
MHIST_das.png,0,1,train
MHIST_dat.png,0,1,train
MHIST_dau.png,0,1,train
MHIST_day.png,0,0,train
MHIST_daz.png,0,0,train
MHIST_dbc.png,1,6,train
MHIST_dbd.png,0,3,train
MHIST_dbg.png,0,0,train
MHIST_dbi.png,1,5,train
MHIST_dbm.png,1,4,train
MHIST_dbn.png,0,2,train
MHIST_dbo.png,0,2,train
MHIST_dbp.png,0,0,train
MHIST_dbq.png,0,0,train
MHIST_dbs.png,1,5,train
MHIST_dbt.png,0,0,train
MHIST_dbv.png,0,0,train
MHIST_dbw.png,0,2,train
MHIST_dbx.png,0,1,train
MHIST_dby.png,0,2,train
MHIST_dcb.png,0,1,train
MHIST_dcd.png,0,1,train
MHIST_dce.png,0,1,train
MHIST_dch.png,0,1,train
MHIST_dci.png,0,3,train
MHIST_dcj.png,0,2,train
MHIST_dck.png,0,3,train
MHIST_dcl.png,0,2,train
MHIST_dcn.png,0,2,train
MHIST_dco.png,1,4,train
MHIST_dcq.png,0,1,train
MHIST_dcr.png,0,0,train
MHIST_dcs.png,0,0,train
MHIST_dct.png,0,0,train
MHIST_dcu.png,0,0,train
MHIST_dcw.png,0,2,train
MHIST_dcy.png,0,2,train
MHIST_dcz.png,1,4,train
MHIST_dda.png,0,1,train
MHIST_ddc.png,0,2,train
MHIST_dde.png,0,1,train
MHIST_ddh.png,0,1,train
MHIST_ddl.png,0,0,train
MHIST_ddm.png,0,1,train
MHIST_ddp.png,0,0,train
MHIST_ddq.png,0,1,train
MHIST_dds.png,0,0,train
MHIST_ddt.png,0,0,train
MHIST_ddx.png,0,1,train
MHIST_ddy.png,1,4,train
MHIST_ddz.png,0,2,train
MHIST_dea.png,0,0,train
MHIST_deb.png,0,0,train
MHIST_ded.png,0,3,train
MHIST_dee.png,0,0,train
MHIST_deg.png,0,3,train
MHIST_dek.png,1,4,train
MHIST_del.png,0,0,train
MHIST_dem.png,0,0,train
MHIST_deo.png,0,0,train
MHIST_dep.png,0,0,train
MHIST_des.png,0,1,train
MHIST_det.png,0,0,train
MHIST_deu.png,0,2,train
MHIST_dex.png,1,4,train
MHIST_dez.png,0,0,train
MHIST_dfa.png,0,0,train
MHIST_dfd.png,0,3,train
MHIST_dff.png,0,1,train
MHIST_dfg.png,1,4,train
MHIST_dfh.png,0,1,train
MHIST_dfj.png,0,0,train
MHIST_dfo.png,0,0,train
MHIST_dfq.png,0,2,train
MHIST_dfs.png,0,0,train
MHIST_dft.png,0,1,train
MHIST_dfu.png,0,1,train
MHIST_dfw.png,0,3,train
MHIST_dfx.png,0,1,train
MHIST_dga.png,0,1,train
MHIST_dgb.png,0,3,train
MHIST_dgd.png,0,0,train
MHIST_dge.png,0,0,train
MHIST_dgf.png,0,0,train
MHIST_dgg.png,0,0,train
MHIST_dgh.png,0,0,train
MHIST_dgl.png,0,2,train
MHIST_dgm.png,0,0,train
MHIST_dgn.png,0,1,train
MHIST_dgo.png,0,0,train
MHIST_dgq.png,0,3,train
MHIST_dgt.png,0,1,train
MHIST_dgv.png,0,1,train
MHIST_dgw.png,0,2,train
MHIST_dgx.png,0,1,train
MHIST_dgy.png,0,0,train
MHIST_dhd.png,0,2,train
MHIST_dhe.png,0,0,train
MHIST_dhh.png,1,5,train
MHIST_dhi.png,0,1,train
MHIST_dhj.png,0,0,train
MHIST_dhk.png,0,3,train
MHIST_dhm.png,0,2,train
MHIST_dhn.png,0,2,train
MHIST_dhp.png,0,0,train
MHIST_dhq.png,0,1,train
MHIST_dhv.png,0,0,train
MHIST_dhy.png,0,0,train
MHIST_die.png,0,1,train
MHIST_dif.png,0,0,train
MHIST_dig.png,0,0,train
MHIST_dih.png,1,4,train
MHIST_dii.png,1,4,train
MHIST_dil.png,0,1,train
MHIST_dim.png,0,1,train
MHIST_din.png,0,0,train
MHIST_dip.png,0,3,train
MHIST_dis.png,0,1,train
MHIST_dit.png,0,1,train
MHIST_div.png,0,1,train
MHIST_diw.png,0,0,train
MHIST_djf.png,0,1,train
MHIST_djl.png,0,1,train
MHIST_djm.png,0,0,train
MHIST_djo.png,0,3,train
MHIST_djq.png,0,3,train
MHIST_djs.png,0,3,train
MHIST_dju.png,0,1,train
MHIST_djv.png,0,0,train
MHIST_djy.png,0,2,train
MHIST_djz.png,0,0,train
MHIST_dka.png,0,2,train
MHIST_dkb.png,0,3,train
MHIST_dkc.png,1,4,train
MHIST_dkd.png,1,4,train
MHIST_dke.png,0,0,train
MHIST_dkg.png,0,1,train
MHIST_dki.png,1,5,train
MHIST_dkm.png,0,1,train
MHIST_dkp.png,0,1,train
MHIST_dkq.png,0,0,train
MHIST_dkr.png,0,2,train
MHIST_dks.png,0,0,train
MHIST_dku.png,0,2,train
MHIST_dkv.png,0,2,train
MHIST_dkw.png,0,3,train
MHIST_dkx.png,1,6,train
MHIST_dky.png,0,3,train
MHIST_dkz.png,0,0,train
MHIST_dla.png,0,1,train
MHIST_dlb.png,0,1,train
MHIST_dlc.png,0,1,train
MHIST_dld.png,1,4,train
MHIST_dle.png,0,2,train
MHIST_dlh.png,0,0,train
MHIST_dli.png,0,0,train
MHIST_dlk.png,0,0,train
MHIST_dll.png,0,0,train
MHIST_dlm.png,1,5,train
MHIST_dlo.png,0,0,train
MHIST_dlr.png,0,1,train
MHIST_dls.png,0,1,train
MHIST_dlu.png,0,1,train
MHIST_dlv.png,0,2,train
MHIST_dlw.png,0,1,train
MHIST_dlx.png,0,0,train
MHIST_dly.png,0,3,train
MHIST_dlz.png,0,0,train
MHIST_dma.png,1,4,train
MHIST_dmb.png,0,2,train
MHIST_dmc.png,0,3,train
MHIST_dmd.png,0,2,train
MHIST_dmk.png,0,0,train
MHIST_dml.png,0,2,train
MHIST_dmm.png,0,1,train
MHIST_dmn.png,0,1,train
MHIST_dmp.png,0,1,train
MHIST_dmt.png,0,1,train
MHIST_dmu.png,0,1,train
MHIST_dmv.png,0,3,train
MHIST_dmy.png,0,1,train
MHIST_dmz.png,0,1,train
MHIST_dna.png,1,4,train
MHIST_dnb.png,0,1,train
MHIST_dne.png,0,0,train
MHIST_dnh.png,0,3,train
MHIST_dnk.png,0,1,train
MHIST_dnl.png,0,2,train
MHIST_dnm.png,0,1,train
MHIST_dnn.png,0,2,train
MHIST_dno.png,0,3,train
MHIST_dnt.png,0,0,train
MHIST_dnu.png,0,0,train
MHIST_dnv.png,0,0,train
MHIST_dnw.png,0,0,train
MHIST_dnx.png,0,1,train
MHIST_dny.png,0,1,train
MHIST_dnz.png,0,3,train
MHIST_doa.png,0,0,train
MHIST_doc.png,0,3,train
MHIST_doe.png,0,0,train
MHIST_dof.png,0,1,train
MHIST_dok.png,1,4,train
MHIST_dom.png,1,4,train
MHIST_doq.png,0,1,train
MHIST_dor.png,0,1,train
MHIST_dos.png,0,1,train
MHIST_dot.png,0,1,train
MHIST_dox.png,0,2,train
MHIST_doy.png,1,4,train
MHIST_dpb.png,1,4,train
MHIST_dpe.png,0,1,train
MHIST_dpf.png,0,0,train
MHIST_dph.png,0,2,train
MHIST_dpj.png,1,4,train
MHIST_dpk.png,0,1,train
MHIST_dpm.png,0,0,train
MHIST_dpp.png,1,4,train
MHIST_dpq.png,0,1,train
MHIST_dpr.png,0,1,train
MHIST_dps.png,0,0,train
MHIST_dpu.png,0,1,train
MHIST_dpv.png,0,0,train
MHIST_dpw.png,0,0,train
MHIST_dpz.png,0,1,train
MHIST_dqa.png,0,0,train
MHIST_dqb.png,0,0,train
MHIST_dqc.png,0,0,train
MHIST_dqd.png,0,0,train
MHIST_dqe.png,0,0,train
MHIST_dqf.png,0,0,train
MHIST_dqg.png,0,1,train
MHIST_dqi.png,0,0,train
MHIST_dqj.png,0,2,train
MHIST_dql.png,0,1,train
MHIST_dqm.png,0,3,train
MHIST_dqo.png,0,1,train
MHIST_dqp.png,0,0,train
MHIST_dqr.png,1,4,train
MHIST_dqt.png,1,4,train
MHIST_dqu.png,0,0,train
MHIST_dqw.png,0,2,train
MHIST_dqx.png,0,1,train
MHIST_dqz.png,0,0,train
MHIST_dra.png,0,2,train
MHIST_drd.png,0,0,train
MHIST_drf.png,1,6,train
MHIST_drg.png,0,0,train
MHIST_dri.png,0,0,train
MHIST_drj.png,0,1,train
MHIST_drk.png,0,2,train
MHIST_drn.png,0,2,train
MHIST_dro.png,0,2,train
MHIST_drr.png,0,0,train
MHIST_drw.png,0,0,train
MHIST_drx.png,0,0,train
MHIST_dry.png,0,2,train
MHIST_drz.png,0,1,train
MHIST_dsf.png,0,3,train
MHIST_dsh.png,0,2,train
MHIST_dsj.png,0,0,train
MHIST_dsk.png,1,4,train
MHIST_dsm.png,1,4,train
MHIST_dsn.png,0,1,train
MHIST_dsp.png,0,1,train
MHIST_dsq.png,0,3,train
MHIST_dsr.png,0,1,train
MHIST_dst.png,0,0,train
MHIST_dsu.png,0,1,train
MHIST_dsv.png,0,1,train
MHIST_dsw.png,0,1,train
MHIST_dsx.png,0,0,train
MHIST_dsz.png,0,2,train
MHIST_dtb.png,0,3,train
MHIST_dtd.png,0,2,train
MHIST_dtf.png,0,3,train
MHIST_dth.png,0,0,train
MHIST_dti.png,0,0,train
MHIST_dtk.png,0,0,train
MHIST_dtp.png,0,2,train
MHIST_dtr.png,0,1,train
MHIST_dts.png,1,5,train
MHIST_dtw.png,0,1,train
MHIST_duc.png,0,1,train
MHIST_dud.png,0,3,train
MHIST_due.png,1,4,train
MHIST_duj.png,0,3,train
MHIST_duk.png,0,3,train
MHIST_duu.png,0,1,train
MHIST_duz.png,1,5,train
MHIST_dvb.png,0,0,train
MHIST_dvc.png,0,0,train
MHIST_dvf.png,0,1,train
MHIST_dvh.png,0,1,train
MHIST_dvm.png,0,2,train
MHIST_dvn.png,0,2,train
MHIST_dvo.png,0,1,train
MHIST_dvp.png,0,0,train
MHIST_dvu.png,0,0,train
MHIST_dvw.png,0,3,train
MHIST_dvx.png,0,2,train
MHIST_dwb.png,0,1,train
MHIST_dwd.png,0,0,train
MHIST_dwe.png,0,1,train
MHIST_dwj.png,0,2,train
MHIST_dwk.png,0,1,train
MHIST_dwl.png,0,3,train
MHIST_dwm.png,0,1,train
MHIST_dwo.png,0,2,train
MHIST_dwr.png,0,1,train
MHIST_dwv.png,0,0,train
MHIST_dww.png,0,1,train
MHIST_dwx.png,0,1,train
MHIST_dwy.png,0,1,train
MHIST_dxb.png,0,3,train
MHIST_dxd.png,0,3,train
MHIST_dxf.png,0,3,train
MHIST_dxg.png,0,1,train
MHIST_dxh.png,0,1,train
MHIST_dxn.png,0,1,train
MHIST_dxp.png,0,3,train
MHIST_dxq.png,0,2,train
MHIST_dxw.png,0,1,train
MHIST_dxx.png,0,0,train
MHIST_dxy.png,0,2,train
MHIST_dxz.png,0,2,train
MHIST_dya.png,0,2,train
MHIST_dyb.png,0,1,train
MHIST_dyc.png,0,1,train
MHIST_dyf.png,0,2,train
MHIST_dyg.png,0,3,train
MHIST_dyh.png,0,0,train
MHIST_dyi.png,0,2,train
MHIST_dyj.png,0,0,train
MHIST_dyl.png,0,0,train
MHIST_dym.png,0,2,train
MHIST_dyr.png,0,1,train
MHIST_dys.png,0,3,train
MHIST_dyt.png,0,1,train
MHIST_dyu.png,0,1,train
MHIST_dyx.png,0,0,train
MHIST_dyz.png,1,6,train
MHIST_dzf.png,0,1,train
MHIST_dzg.png,0,0,train
MHIST_dzh.png,0,1,train
MHIST_dzi.png,0,1,train
MHIST_dzj.png,0,2,train
MHIST_dzk.png,1,4,train
MHIST_dzn.png,0,1,train
MHIST_dzo.png,0,1,train
MHIST_dzp.png,0,1,train
MHIST_dzr.png,0,2,train
MHIST_dzv.png,0,2,train
MHIST_dzy.png,0,1,train
MHIST_eaa.png,0,1,train
MHIST_eab.png,1,4,train
MHIST_ead.png,0,0,train
MHIST_eae.png,0,3,train
MHIST_eaj.png,1,4,train
MHIST_eal.png,0,2,train
MHIST_ean.png,0,2,train
MHIST_eaq.png,0,2,train
MHIST_ear.png,0,1,train
MHIST_eas.png,0,0,train
MHIST_eat.png,0,1,train
MHIST_eau.png,1,4,train
MHIST_eaw.png,0,0,train
MHIST_eax.png,0,1,train
MHIST_eay.png,0,1,train
MHIST_eaz.png,0,3,train
MHIST_eba.png,0,2,train
MHIST_ebb.png,0,2,train
MHIST_ebe.png,0,0,train
MHIST_ebf.png,0,0,train
MHIST_ebg.png,0,1,train
MHIST_ebi.png,0,3,train
MHIST_ebj.png,0,0,train
MHIST_ebm.png,0,2,train
MHIST_ebn.png,0,1,train
MHIST_ebo.png,0,1,train
MHIST_ebq.png,0,1,train
MHIST_ebr.png,0,2,train
MHIST_ebs.png,0,2,train
MHIST_ebv.png,0,3,train
MHIST_ebw.png,0,2,train
MHIST_ebx.png,0,2,train
MHIST_ebz.png,1,5,train
MHIST_eca.png,0,3,train
MHIST_ecd.png,1,5,train
MHIST_ecf.png,0,0,train
MHIST_ecg.png,0,1,train
MHIST_eci.png,0,0,train
MHIST_ecm.png,0,1,train
MHIST_ecp.png,1,4,train
MHIST_ecq.png,0,3,train
MHIST_ecs.png,0,0,train
MHIST_ect.png,0,0,train
MHIST_ecu.png,0,1,train
MHIST_ecv.png,0,2,train
MHIST_ecw.png,0,0,train
MHIST_ecy.png,1,4,train
MHIST_edb.png,0,0,train
MHIST_edc.png,0,3,train
MHIST_ede.png,1,5,train
MHIST_edk.png,0,2,train
MHIST_edq.png,0,0,train
MHIST_edr.png,0,3,train
MHIST_edt.png,0,0,train
MHIST_edu.png,0,0,train
MHIST_edv.png,0,1,train
MHIST_edw.png,0,0,train
MHIST_edx.png,0,1,train
MHIST_edy.png,0,1,train
MHIST_edz.png,0,1,train
MHIST_eea.png,0,0,train
MHIST_eeb.png,0,0,train
MHIST_eed.png,0,0,train
MHIST_eeg.png,0,3,train
MHIST_eei.png,0,1,train
MHIST_eej.png,0,2,train
MHIST_eek.png,1,5,train
MHIST_eel.png,0,3,train
MHIST_eem.png,0,1,train
MHIST_eep.png,0,1,train
MHIST_eer.png,0,3,train
MHIST_ees.png,0,1,train
MHIST_eet.png,0,1,train
MHIST_eeu.png,0,2,train
MHIST_eev.png,0,0,train
MHIST_eew.png,0,0,train
MHIST_eex.png,1,4,train
MHIST_eez.png,0,2,train
MHIST_efc.png,0,1,train
MHIST_efe.png,1,4,train
MHIST_efg.png,0,1,train
MHIST_efi.png,0,0,train
MHIST_efj.png,0,0,train
MHIST_efk.png,0,3,train
MHIST_efm.png,0,1,train
MHIST_efn.png,0,2,train
MHIST_efp.png,0,3,train
MHIST_efq.png,0,3,train
MHIST_eft.png,0,1,train
MHIST_efx.png,0,1,train
MHIST_ega.png,0,1,train
MHIST_egc.png,0,1,train
MHIST_egg.png,0,3,train
MHIST_egh.png,1,4,train
MHIST_egj.png,0,0,train
MHIST_egl.png,0,0,train
MHIST_egm.png,0,0,train
MHIST_egn.png,1,5,train
MHIST_ego.png,0,0,train
MHIST_egp.png,1,4,train
MHIST_egq.png,0,1,train
MHIST_egr.png,0,3,train
MHIST_egs.png,0,3,train
MHIST_egt.png,0,1,train
MHIST_egu.png,0,2,train
MHIST_egv.png,0,3,train
MHIST_egx.png,0,2,train
MHIST_egy.png,0,2,train
MHIST_ehe.png,0,0,train
MHIST_ehf.png,0,0,train
MHIST_ehi.png,0,1,train
MHIST_ehj.png,0,1,train
MHIST_ehl.png,0,2,train
MHIST_ehp.png,0,0,train
MHIST_ehq.png,0,0,train
MHIST_ehr.png,1,5,train
MHIST_eht.png,0,0,train
MHIST_ehu.png,0,0,train
MHIST_ehv.png,0,0,train
MHIST_ehx.png,0,2,train
MHIST_ehy.png,0,1,train
MHIST_eia.png,0,1,train
MHIST_eid.png,0,0,train
MHIST_eif.png,0,0,train
MHIST_eig.png,0,1,train
MHIST_eih.png,0,3,train
MHIST_eij.png,0,2,train
MHIST_eik.png,0,1,train
MHIST_eim.png,0,1,train
MHIST_ein.png,0,2,train
MHIST_eip.png,0,0,train
MHIST_eis.png,0,2,train
MHIST_eit.png,1,4,train
MHIST_eiw.png,0,0,train
MHIST_eix.png,0,1,train
MHIST_eiz.png,0,1,train
MHIST_eja.png,0,3,train
MHIST_ejb.png,0,2,train
MHIST_ejc.png,0,1,train
MHIST_eje.png,0,1,train
MHIST_ejg.png,0,1,train
MHIST_eji.png,0,0,train
MHIST_ejj.png,0,0,train
MHIST_ejk.png,0,1,train
MHIST_ejl.png,0,0,train
MHIST_ejp.png,0,3,train
MHIST_ejq.png,0,3,train
MHIST_ejs.png,1,4,train
MHIST_ejt.png,0,3,train
MHIST_eju.png,0,1,train
MHIST_ejv.png,1,4,train
MHIST_ejw.png,0,3,train
MHIST_ejx.png,0,0,train
MHIST_ejy.png,0,1,train
MHIST_ejz.png,0,2,train
MHIST_eka.png,0,2,train
MHIST_ekb.png,0,1,train
MHIST_ekd.png,0,2,train
MHIST_eki.png,0,3,train
MHIST_ekk.png,0,1,train
MHIST_ekl.png,0,1,train
MHIST_eko.png,0,2,train
MHIST_ekp.png,0,1,train
MHIST_ekq.png,1,4,train
MHIST_ekr.png,0,3,train
MHIST_eks.png,0,2,train
MHIST_ekt.png,0,1,train
MHIST_eku.png,0,1,train
MHIST_ekv.png,0,1,train
MHIST_ekw.png,0,1,train
MHIST_ekz.png,0,1,train
MHIST_elc.png,0,0,train
MHIST_eld.png,1,4,train
MHIST_elg.png,0,0,train
MHIST_elm.png,0,0,train
MHIST_elp.png,0,0,train
MHIST_elq.png,0,0,train
MHIST_elr.png,0,1,train
MHIST_ely.png,0,0,train
MHIST_elz.png,0,0,train
MHIST_emb.png,0,0,train
MHIST_emc.png,1,4,train
MHIST_emd.png,0,1,train
MHIST_eme.png,0,1,train
MHIST_emh.png,0,0,train
MHIST_emi.png,0,0,train
MHIST_emj.png,0,1,train
MHIST_emk.png,0,3,train
MHIST_eml.png,0,0,train
MHIST_emm.png,0,0,train
MHIST_emn.png,0,0,train
MHIST_emo.png,0,0,train
MHIST_emt.png,0,3,train
MHIST_emw.png,1,4,train
MHIST_emz.png,0,1,train
MHIST_enb.png,0,0,train
MHIST_enf.png,0,0,train
MHIST_eng.png,0,0,train
MHIST_enh.png,0,0,train
MHIST_eni.png,0,1,train
MHIST_enj.png,0,1,train
MHIST_enn.png,0,0,train
MHIST_eno.png,0,0,train
MHIST_enp.png,0,2,train
MHIST_ens.png,0,3,train
MHIST_ent.png,0,2,train
MHIST_enw.png,0,1,train
MHIST_eoa.png,0,0,train
MHIST_eob.png,0,0,train
MHIST_eof.png,0,0,train
MHIST_eog.png,0,0,train
MHIST_eoi.png,0,1,train
MHIST_eoj.png,0,1,train
MHIST_eok.png,0,0,train
MHIST_eom.png,0,0,train
MHIST_eon.png,0,0,train
MHIST_eoo.png,0,1,train
MHIST_eos.png,0,0,train
MHIST_eot.png,0,0,train
MHIST_eou.png,0,1,train
MHIST_eoy.png,0,0,train
MHIST_eoz.png,0,0,train
MHIST_epa.png,0,0,train
MHIST_epb.png,0,0,train
MHIST_epc.png,0,1,train
MHIST_epd.png,0,0,train
MHIST_epe.png,0,0,train
MHIST_epg.png,0,2,train
MHIST_eph.png,1,4,train
MHIST_epi.png,0,2,train
MHIST_epq.png,0,0,train
MHIST_epu.png,0,0,train
MHIST_epv.png,0,0,train
MHIST_epw.png,0,0,train
MHIST_epz.png,0,3,train
MHIST_eqb.png,0,0,train
MHIST_eqd.png,0,0,train
MHIST_eqf.png,0,1,train
MHIST_eqh.png,0,3,train
MHIST_eqk.png,0,1,train
MHIST_eql.png,0,2,train
MHIST_eqm.png,1,4,train
MHIST_eqn.png,0,1,train
MHIST_eqq.png,0,0,train
MHIST_eqr.png,0,1,train
MHIST_eqs.png,0,2,train
MHIST_eqw.png,1,4,train
MHIST_era.png,0,2,train
MHIST_erb.png,0,2,train
MHIST_ere.png,0,1,train
MHIST_erf.png,0,1,train
MHIST_aei.png,1,5,train
MHIST_afk.png,0,2,train
MHIST_aip.png,1,4,train
MHIST_akh.png,0,3,train
MHIST_akq.png,1,4,train
MHIST_akr.png,1,5,train
MHIST_apw.png,0,2,train
MHIST_asz.png,0,2,train
MHIST_atn.png,0,3,train
MHIST_awn.png,1,5,train
MHIST_awr.png,0,2,train
MHIST_axd.png,1,4,train
MHIST_bco.png,0,2,train
MHIST_bhk.png,0,3,train
MHIST_bma.png,0,2,train
MHIST_bpz.png,0,3,train
MHIST_cpy.png,1,4,train
MHIST_crg.png,0,3,train
MHIST_cvh.png,0,2,train
MHIST_ddv.png,0,3,train
MHIST_dnp.png,1,4,train
MHIST_dwz.png,0,2,train
MHIST_ecb.png,0,3,train
MHIST_eln.png,0,3,train
MHIST_eoe.png,1,5,train
MHIST_abi.png,1,6,train
MHIST_aed.png,1,4,train
MHIST_aeh.png,1,5,train
MHIST_age.png,1,6,train
MHIST_agf.png,1,6,train
MHIST_ahl.png,1,4,train
MHIST_alh.png,0,3,train
MHIST_aln.png,1,5,train
MHIST_apn.png,1,6,train
MHIST_apt.png,1,4,train
MHIST_aqp.png,1,4,train
MHIST_atj.png,1,4,train
MHIST_auq.png,1,4,train
MHIST_awg.png,1,4,train
MHIST_aya.png,1,5,train
MHIST_ayv.png,1,5,train
MHIST_azj.png,1,4,train
MHIST_bbh.png,1,4,train
MHIST_bbw.png,1,5,train
MHIST_beb.png,0,3,train
MHIST_bee.png,0,3,train
MHIST_bew.png,1,5,train
MHIST_bff.png,1,4,train
MHIST_bfn.png,0,2,train
MHIST_bgc.png,1,4,train
MHIST_bgh.png,1,5,train
MHIST_bgl.png,0,3,train
MHIST_bgp.png,1,5,train
MHIST_bgv.png,1,5,train
MHIST_bie.png,1,4,train
MHIST_biw.png,1,5,train
MHIST_bjs.png,1,5,train
MHIST_bkl.png,1,5,train
MHIST_blt.png,1,4,train
MHIST_blu.png,1,6,train
MHIST_blz.png,0,3,train
MHIST_bms.png,1,6,train
MHIST_bnp.png,1,4,train
MHIST_bnr.png,1,4,train
MHIST_bow.png,1,5,train
MHIST_boy.png,1,4,train
MHIST_bpj.png,1,4,train
MHIST_bqe.png,1,5,train
MHIST_bqk.png,1,5,train
MHIST_bqn.png,1,4,train
MHIST_brl.png,1,4,train
MHIST_brw.png,1,6,train
MHIST_bsx.png,1,6,train
MHIST_btt.png,1,6,train
MHIST_btu.png,1,5,train
MHIST_bvn.png,1,5,train
MHIST_bvq.png,1,4,train
MHIST_bwu.png,1,4,train
MHIST_bym.png,1,6,train
MHIST_byy.png,1,6,train
MHIST_byz.png,1,4,train
MHIST_bzk.png,1,5,train
MHIST_bzw.png,1,6,train
MHIST_cdy.png,1,4,train
MHIST_cfy.png,1,4,train
MHIST_chp.png,1,5,train
MHIST_cnv.png,1,5,train
MHIST_cnw.png,1,4,train
MHIST_cny.png,1,4,train
MHIST_crs.png,1,6,train
MHIST_cwt.png,1,4,train
MHIST_cye.png,1,5,train
MHIST_dam.png,1,6,train
MHIST_dav.png,1,6,train
MHIST_dbz.png,1,5,train
MHIST_dcm.png,1,6,train
MHIST_ddw.png,1,6,train
MHIST_dgs.png,1,5,train
MHIST_djk.png,1,4,train
MHIST_dkj.png,1,4,train
MHIST_dkn.png,1,5,train
MHIST_dmj.png,1,5,train
MHIST_doh.png,1,5,train
MHIST_dpl.png,1,4,train
MHIST_dpo.png,1,6,train
MHIST_dpt.png,1,4,train
MHIST_dsi.png,1,4,train
MHIST_dso.png,1,6,train
MHIST_dtu.png,1,5,train
MHIST_dui.png,1,5,train
MHIST_duq.png,1,4,train
MHIST_dvk.png,1,5,train
MHIST_dvr.png,1,6,train
MHIST_dwc.png,1,6,train
MHIST_dwq.png,1,6,train
MHIST_dxe.png,1,5,train
MHIST_edl.png,1,5,train
MHIST_eef.png,1,5,train
MHIST_een.png,1,5,train
MHIST_efa.png,1,6,train
MHIST_efo.png,1,5,train
MHIST_egk.png,1,6,train
MHIST_egw.png,1,5,train
MHIST_eiq.png,1,5,train
MHIST_eiu.png,1,5,train
MHIST_eiv.png,1,6,train
MHIST_ejh.png,1,6,train
MHIST_ejn.png,1,5,train
MHIST_elf.png,1,4,train
MHIST_ema.png,1,5,train
MHIST_emg.png,1,5,train
MHIST_epm.png,1,5,train
MHIST_epn.png,1,6,train
MHIST_epr.png,1,5,train
MHIST_erc.png,1,6,train
MHIST_cdd.png,1,5,train
MHIST_ctf.png,1,4,train
MHIST_eox.png,1,5,train
MHIST_bsk.png,1,6,train
MHIST_cma.png,1,5,train
MHIST_cor.png,1,5,train
MHIST_cup.png,1,5,train
MHIST_dbk.png,1,6,train
MHIST_dxm.png,1,5,train
MHIST_aqb.png,1,5,train
MHIST_aqf.png,1,5,train
MHIST_awj.png,1,6,train
MHIST_axh.png,1,5,train
MHIST_ayc.png,1,5,train
MHIST_ayn.png,1,5,train
MHIST_azu.png,1,6,train
MHIST_bos.png,1,5,train
MHIST_cbc.png,1,6,train
MHIST_cms.png,1,5,train
MHIST_cnz.png,1,6,train
MHIST_cph.png,1,6,train
MHIST_cpu.png,1,6,train
MHIST_cqc.png,1,6,train
MHIST_daf.png,1,6,train
MHIST_dfk.png,1,5,train
MHIST_dgi.png,1,6,train
MHIST_dia.png,1,6,train
MHIST_djx.png,1,6,train
MHIST_dkt.png,1,6,train
MHIST_dms.png,1,6,train
MHIST_dol.png,1,6,train
MHIST_dtv.png,1,6,train
MHIST_dup.png,1,6,train
MHIST_dwu.png,1,6,train
MHIST_dxr.png,1,6,train
MHIST_eee.png,1,5,train
MHIST_ehn.png,1,6,train
MHIST_eor.png,1,6,train
MHIST_eqo.png,1,6,train
MHIST_aan.png,1,6,train
MHIST_agj.png,1,6,train
MHIST_ahc.png,1,6,train
MHIST_ahu.png,1,6,train
MHIST_aiq.png,1,6,train
MHIST_akm.png,1,6,train
MHIST_amg.png,1,6,train
MHIST_amj.png,1,6,train
MHIST_anp.png,1,6,train
MHIST_anx.png,1,6,train
MHIST_anz.png,1,6,train
MHIST_aoc.png,1,6,train
MHIST_aog.png,1,6,train
MHIST_aoh.png,1,6,train
MHIST_aoi.png,1,6,train
MHIST_aoj.png,1,6,train
MHIST_aor.png,1,6,train
MHIST_apv.png,1,6,train
MHIST_aqd.png,1,6,train
MHIST_aqs.png,1,6,train
MHIST_arn.png,1,6,train
MHIST_asx.png,1,6,train
MHIST_ate.png,1,6,train
MHIST_atk.png,1,6,train
MHIST_avr.png,1,6,train
MHIST_avv.png,1,6,train
MHIST_awo.png,1,6,train
MHIST_aww.png,1,6,train
MHIST_axa.png,1,6,train
MHIST_axp.png,1,6,train
MHIST_axv.png,1,6,train
MHIST_ayo.png,1,6,train
MHIST_azp.png,1,6,train
MHIST_azq.png,1,6,train
MHIST_bam.png,1,6,train
MHIST_bao.png,1,6,train
MHIST_bax.png,1,6,train
MHIST_bbg.png,1,6,train
MHIST_bbt.png,1,6,train
MHIST_bce.png,1,6,train
MHIST_bdp.png,1,6,train
MHIST_beo.png,1,6,train
MHIST_beu.png,1,6,train
MHIST_bev.png,1,6,train
MHIST_bfg.png,1,6,train
MHIST_bfq.png,1,6,train
MHIST_bgb.png,1,6,train
MHIST_bgf.png,1,6,train
MHIST_bhl.png,1,6,train
MHIST_bhs.png,1,6,train
MHIST_bhw.png,1,6,train
MHIST_bib.png,1,6,train
MHIST_bih.png,1,6,train
MHIST_bii.png,1,6,train
MHIST_bja.png,1,6,train
MHIST_bjp.png,1,6,train
MHIST_bkb.png,1,6,train
MHIST_bkd.png,1,6,train
MHIST_bks.png,1,6,train
MHIST_bky.png,1,6,train
MHIST_bnf.png,1,6,train
MHIST_bop.png,1,6,train
MHIST_bor.png,1,6,train
MHIST_bpb.png,1,6,train
MHIST_bpp.png,1,6,train
MHIST_bql.png,1,6,train
MHIST_bsj.png,1,6,train
MHIST_bwa.png,1,6,train
MHIST_byh.png,1,6,train
MHIST_cbu.png,1,6,train
MHIST_ccd.png,1,6,train
MHIST_cfi.png,1,6,train
MHIST_cfx.png,1,6,train
MHIST_cic.png,1,6,train
MHIST_cln.png,1,6,train
MHIST_clw.png,1,6,train
MHIST_cmj.png,1,6,train
MHIST_cml.png,1,6,train
MHIST_crk.png,1,6,train
MHIST_czb.png,1,6,train
MHIST_czs.png,1,6,train
MHIST_dhb.png,1,6,train
MHIST_dho.png,1,6,train
MHIST_dhu.png,1,6,train
MHIST_diy.png,1,6,train
MHIST_dog.png,1,7,train
MHIST_cqg.png,1,7,train
MHIST_dwa.png,1,7,train
MHIST_cpc.png,1,7,train
MHIST_cso.png,1,7,train
MHIST_eqa.png,1,7,train
MHIST_buo.png,1,7,train
MHIST_ehc.png,1,7,train
MHIST_ekx.png,1,7,train
MHIST_eky.png,1,7,train
MHIST_aiu.png,1,7,train
MHIST_dtl.png,1,7,train
MHIST_chs.png,1,7,train
MHIST_dao.png,1,7,train
MHIST_dcp.png,1,7,train
MHIST_dty.png,1,7,train
MHIST_cpw.png,1,7,train
MHIST_dtn.png,1,7,train
MHIST_aet.png,1,7,train
MHIST_bws.png,1,7,train
MHIST_bzc.png,1,7,train
MHIST_bum.png,1,7,train
MHIST_dvg.png,1,7,train
MHIST_cjo.png,1,7,train
MHIST_dmi.png,1,7,train
MHIST_crm.png,1,7,train
MHIST_aji.png,1,7,train
MHIST_dwp.png,1,7,train
MHIST_adu.png,1,7,train
MHIST_eqp.png,1,7,train
MHIST_eec.png,1,7,train
MHIST_edp.png,1,7,train
MHIST_dcc.png,1,7,train
MHIST_cgx.png,1,7,train
MHIST_dxk.png,1,7,train
MHIST_dzt.png,1,7,train
MHIST_bze.png,1,7,train
MHIST_efl.png,1,7,train
MHIST_eic.png,1,7,train
MHIST_dyy.png,1,7,train
MHIST_dzb.png,1,7,train
MHIST_acc.png,1,7,train
MHIST_cyx.png,1,7,train
MHIST_ebt.png,1,7,train
MHIST_cwr.png,1,7,train
MHIST_ddu.png,1,7,train
MHIST_deq.png,1,7,train
MHIST_cot.png,1,7,train
MHIST_coc.png,1,7,train
MHIST_cne.png,1,7,train
MHIST_dht.png,1,7,train
MHIST_ccu.png,1,7,train
MHIST_cvt.png,1,7,train
MHIST_cwq.png,1,7,train
MHIST_cvu.png,1,7,train
MHIST_djj.png,1,7,train
MHIST_diu.png,1,7,train
MHIST_djn.png,1,7,train
MHIST_cod.png,1,7,train
MHIST_drh.png,1,7,train
MHIST_cty.png,1,7,train
MHIST_ebd.png,1,7,train
MHIST_ccf.png,1,7,train
MHIST_dew.png,1,7,train
MHIST_cmz.png,1,7,train
MHIST_dhr.png,1,7,train
MHIST_cnc.png,1,7,train
MHIST_cui.png,1,7,train
MHIST_eov.png,1,7,train
MHIST_ebp.png,1,7,train
MHIST_czg.png,1,7,train
MHIST_abt.png,1,7,train
MHIST_acp.png,1,7,train
MHIST_dqq.png,1,7,train
MHIST_cnb.png,1,7,train
MHIST_dhs.png,1,7,train
MHIST_ddj.png,1,7,train
MHIST_dsc.png,1,7,train
MHIST_bse.png,1,7,train
MHIST_elv.png,1,7,train
MHIST_ecn.png,1,7,train
MHIST_elw.png,1,7,train
MHIST_abo.png,1,7,train
MHIST_dpn.png,1,7,train
MHIST_djw.png,1,7,train
MHIST_dkf.png,1,7,train
MHIST_cac.png,1,7,train
MHIST_cbo.png,1,7,train
MHIST_dqh.png,1,7,train
MHIST_bsq.png,1,7,train
MHIST_enk.png,1,7,train
MHIST_cxw.png,1,7,train
MHIST_dsa.png,1,7,train
MHIST_dre.png,1,7,train
MHIST_cab.png,1,7,train
MHIST_dik.png,1,7,train
MHIST_deh.png,1,7,train
MHIST_drv.png,1,7,train
MHIST_cvo.png,1,7,train
MHIST_dse.png,1,7,train
MHIST_bfu.png,1,7,train
MHIST_eav.png,1,7,train
MHIST_dsd.png,1,7,train
MHIST_ctq.png,1,7,train
MHIST_cap.png,1,7,train
MHIST_dei.png,1,7,train
MHIST_car.png,1,7,train
MHIST_azm.png,1,7,train
MHIST_ccm.png,1,7,train
MHIST_dgc.png,1,7,train
MHIST_alw.png,1,7,train
MHIST_drb.png,1,7,train
MHIST_cxp.png,1,7,train
MHIST_bqh.png,1,7,train
MHIST_bpl.png,1,7,train
MHIST_eoh.png,1,7,train
MHIST_eck.png,1,7,train
MHIST_bfv.png,1,7,train
MHIST_eby.png,1,7,train
MHIST_ecj.png,1,7,train
MHIST_bfw.png,1,7,train
MHIST_emv.png,1,7,train
MHIST_bio.png,1,7,train
MHIST_cxf.png,1,7,train
MHIST_czn.png,1,7,train
MHIST_cyu.png,1,7,train
MHIST_ala.png,1,7,train
MHIST_cua.png,1,7,train
MHIST_drt.png,1,7,train
MHIST_ayw.png,1,7,train
MHIST_djr.png,1,7,train
MHIST_ckw.png,1,7,train
MHIST_dae.png,1,7,train
MHIST_cfg.png,1,7,train
MHIST_cgt.png,1,7,train
MHIST_ajf.png,1,7,train
MHIST_cqy.png,1,7,train
MHIST_cqn.png,1,7,train
MHIST_aij.png,1,7,train
MHIST_btb.png,1,7,train
MHIST_ekf.png,1,7,train
MHIST_bbx.png,1,7,train
MHIST_egd.png,1,7,train
MHIST_ehk.png,1,7,train
MHIST_bwo.png,1,7,train
MHIST_bug.png,1,7,train
MHIST_dwi.png,1,7,train
MHIST_dte.png,1,7,train
MHIST_dua.png,1,7,train
MHIST_dmg.png,1,7,train
MHIST_chz.png,1,7,train
MHIST_ckc.png,1,7,train
MHIST_dni.png,1,7,train
MHIST_cfd.png,1,7,train
MHIST_dbj.png,1,7,train
MHIST_dtg.png,1,7,train
MHIST_ahz.png,1,7,train
MHIST_cse.png,1,7,train
MHIST_ajr.png,1,7,train
MHIST_dxs.png,1,7,train
MHIST_dyw.png,1,7,train
MHIST_bxb.png,1,7,train
MHIST_efb.png,1,7,train
MHIST_efu.png,1,7,train
MHIST_bbm.png,1,7,train
MHIST_eil.png,1,7,train
MHIST_blf.png,1,7,train
MHIST_bwl.png,1,7,train
MHIST_epy.png,1,7,train
MHIST_dzz.png,1,7,train
MHIST_cql.png,1,7,train
MHIST_dcx.png,1,7,train
MHIST_cjf.png,1,7,train
MHIST_dmw.png,1,7,train
MHIST_ail.png,1,7,train
MHIST_dvj.png,1,7,train
MHIST_duf.png,1,7,train
MHIST_dxa.png,1,7,train
MHIST_eqy.png,1,7,train
MHIST_bnj.png,1,7,train
MHIST_bon.png,1,7,train
MHIST_bbi.png,1,7,train
MHIST_edo.png,1,7,train
MHIST_bcl.png,1,7,train
MHIST_blc.png,1,7,train
MHIST_eii.png,1,7,train
MHIST_boo.png,1,7,train
MHIST_bmp.png,1,7,train
MHIST_bxq.png,1,7,train
MHIST_byu.png,1,7,train
MHIST_bzn.png,1,7,train
MHIST_eqx.png,1,7,train
MHIST_ake.png,1,7,train
MHIST_dtt.png,1,7,train
MHIST_cjc.png,1,7,train
MHIST_cjv.png,1,7,train
MHIST_cja.png,1,7,train
MHIST_daw.png,1,7,train
MHIST_cgf.png,1,7,train
MHIST_cfb.png,1,7,train
MHIST_cst.png,1,7,train
MHIST_ahk.png,1,7,train
MHIST_crp.png,1,7,train
MHIST_csc.png,1,7,train
MHIST_dyq.png,1,7,train
MHIST_ags.png,1,7,train
MHIST_bvx.png,1,7,train
MHIST_byw.png,1,7,train
MHIST_bcn.png,1,7,train
MHIST_eeh.png,1,7,train
MHIST_bcy.png,1,7,train
MHIST_ejf.png,1,7,train
MHIST_bxe.png,1,7,train
MHIST_bxr.png,1,7,train
MHIST_bub.png,1,7,train
MHIST_bvy.png,1,7,train
MHIST_cpn.png,1,7,train
MHIST_dlf.png,1,7,train
MHIST_cks.png,1,7,train
